City,Lat,Lng,Max Temp,Humidity,Cloudiness,Wind Speed,Country,Date
kruisfontein,-34.0033,24.7314,58.44,71,6,6.91,ZA,1651800879
brigham city,41.5102,-112.0155,72.86,26,0,7.0,US,1651800879
mataura,-46.1927,168.8643,64.24,61,100,2.3,NZ,1651800880
avarua,-21.2078,-159.775,82.45,69,20,6.91,CK,1651800880
kendari,-3.945,122.4989,86.27,68,16,1.66,ID,1651800881
fukumitsu,36.55,136.8667,79.66,28,100,1.99,JP,1651800881
lagoa,39.05,-27.9833,61.92,86,100,29.24,PT,1651800881
kuching,1.55,110.3333,82.62,89,20,0.0,MY,1651800882
albany,42.6001,-73.9662,56.26,60,100,4.74,US,1651800767
fort nelson,58.8053,-122.7002,54.99,22,75,6.91,CA,1651800882
port alfred,-33.5906,26.891,68.79,51,0,10.16,ZA,1651800883
codrington,-38.2667,141.9667,50.72,88,100,11.1,AU,1651800883
fortuna,40.5982,-124.1573,62.1,83,75,12.66,US,1651800883
cape town,-33.9258,18.4232,59.11,93,68,5.75,ZA,1651800884
jamestown,42.097,-79.2353,56.84,62,0,6.91,US,1651800884
vaini,-21.2,-175.2,80.76,78,75,10.36,TO,1651800885
lima duarte,-21.8425,-43.7931,59.5,76,0,3.62,BR,1651800885
eidfjord,60.4675,7.0719,43.2,94,99,2.73,NO,1651800886
eyl,7.9803,49.8164,81.61,87,34,9.98,SO,1651800886
bredasdorp,-34.5322,20.0403,56.8,94,10,5.08,ZA,1651800886
unye,0.0,0.0,0.0,0,0,0.0,0,0
ternate,0.8,127.4,84.2,75,71,3.76,ID,1651800887
faanui,-16.4833,-151.75,81.64,70,100,7.7,PF,1651800887
vyartsilya,62.1764,30.693,36.99,81,100,5.99,RU,1651800888
rikitea,-23.1203,-134.9692,77.99,85,80,16.42,PF,1651800888
kiunga,-6.1219,141.2906,89.2,57,58,2.75,PG,1651800888
naze,28.3667,129.4833,72.52,93,99,14.63,JP,1651800889
denpasar,-8.65,115.2167,85.71,79,20,5.75,ID,1651800889
san patricio,28.017,-97.5169,84.54,83,17,6.51,US,1651800890
hermanus,-34.4187,19.2345,58.51,91,36,7.45,ZA,1651800890
aykhal,66.0,111.5,34.52,92,100,16.93,RU,1651800891
dikson,73.5069,80.5464,17.6,91,100,22.79,RU,1651800598
asyut,27.181,31.1837,62.91,45,0,11.97,EG,1651800891
ilulissat,69.2167,-51.1,21.22,58,3,2.3,GL,1651800884
margate,51.3813,1.3862,53.69,78,22,1.99,GB,1651800836
puerto ayora,-0.7393,-90.3518,73.17,94,100,6.17,EC,1651800892
moose factory,51.2585,-80.6094,28.4,80,100,5.75,CA,1651800892
yar-sale,66.8333,70.8333,20.62,79,88,13.71,RU,1651800892
atuona,-9.8,-139.0333,79.07,75,100,15.19,PF,1651800893
eureka,40.8021,-124.1637,62.37,79,100,3.0,US,1651800464
sao joao da barra,-21.6403,-41.0511,72.3,84,7,12.73,BR,1651800893
barrow,71.2906,-156.7887,17.62,79,100,17.27,US,1651800894
aktash,50.3,87.7333,42.87,60,100,1.59,RU,1651800894
comodoro rivadavia,-45.8667,-67.5,55.26,38,0,25.32,AR,1651800601
qaanaaq,77.484,-69.3632,12.11,76,13,7.49,GL,1651800634
usinsk,65.9939,57.5281,23.2,69,57,11.25,RU,1651800895
ushuaia,-54.8,-68.3,37.81,98,82,11.36,AR,1651800895
busselton,-33.65,115.3333,60.85,53,0,13.42,AU,1651800896
hendek,40.7994,30.7481,46.63,98,71,2.04,TR,1651800896
yekaterinogradskaya,43.7635,44.2317,50.5,97,100,6.67,RU,1651800896
georgetown,5.4112,100.3354,85.95,83,20,5.99,MY,1651800897
manta,-0.95,-80.7333,76.78,94,100,2.3,EC,1651800897
alofi,-19.0595,-169.9187,84.09,70,15,6.91,NU,1651800898
zhangjiakou,40.81,114.8794,57.36,17,4,12.12,CN,1651800898
allanmyo,0.0,0.0,0.0,0,0,0.0,0,0
illoqqortoormiut,0.0,0.0,0.0,0,0,0.0,0,0
norman wells,65.282,-126.8329,37.44,75,75,13.8,CA,1651800903
solwezi,-12.1688,26.3894,54.09,94,100,3.94,ZM,1651800903
jiaojiang,28.6803,121.4428,81.0,71,0,3.94,CN,1651800904
lazaro cardenas,17.9583,-102.2,76.75,80,35,5.73,MX,1651800904
butaritari,3.0707,172.7902,81.68,70,23,18.99,KI,1651800904
hobart,-42.8794,147.3294,54.27,91,75,4.61,AU,1651800707
tucurui,-3.7661,-49.6725,74.44,94,64,2.51,BR,1651800905
mooi river,0.0,0.0,0.0,0,0,0.0,0,0
kapaa,22.0752,-159.319,82.38,78,40,14.97,US,1651800905
derzhavinsk,51.1,66.3167,56.82,52,71,12.53,KZ,1651800906
yellowknife,62.456,-114.3525,52.32,46,75,10.36,CA,1651800640
iberia,29.9502,-91.7507,79.05,83,75,3.44,US,1651800818
nikolskoye,59.7035,30.7861,46.29,75,83,6.13,RU,1651800906
calama,-22.4667,-68.9333,54.09,28,2,5.75,CL,1651800776
kurilsk,45.2333,147.8833,47.08,81,100,13.76,RU,1651800907
san francisco,37.7749,-122.4194,67.51,77,100,20.71,US,1651800693
new norfolk,-42.7826,147.0587,53.92,86,92,1.01,AU,1651800908
ribeira grande,38.5167,-28.7,63.39,86,100,27.67,PT,1651800908
tolaga bay,-38.3667,178.3,61.97,70,27,3.58,NZ,1651800908
chokurdakh,70.6333,147.9167,27.39,91,100,10.29,RU,1651800909
flums,47.0906,9.343,53.2,91,100,0.92,CH,1651800909
pisco,-13.7,-76.2167,64.45,82,0,17.27,PE,1651800897
adelaide,-34.9333,138.6,61.2,70,40,4.0,AU,1651800910
bathsheba,13.2167,-59.5167,79.41,83,20,13.8,BB,1651800910
doba,8.65,16.85,78.66,68,99,7.14,TD,1651800911
deputatskiy,69.3,139.9,26.11,94,100,2.93,RU,1651800911
barentsburg,0.0,0.0,0.0,0,0,0.0,0,0
kushiro,42.975,144.3747,52.75,82,40,8.05,JP,1651800912
nuqui,5.7125,-77.2708,76.42,93,100,6.64,CO,1651800912
hilo,19.7297,-155.09,81.28,88,100,1.99,US,1651800849
saldanha,-33.0117,17.9442,53.65,94,66,0.6,ZA,1651800912
jalu,29.0331,21.5482,68.4,28,0,10.38,LY,1651800913
guanare,9.0418,-69.7421,80.62,89,100,1.14,VE,1651800913
brooks,50.5834,-111.8851,71.58,26,100,4.61,CA,1651800618
sorong,-0.8833,131.25,85.23,69,78,3.4,ID,1651800914
attawapiskat,0.0,0.0,0.0,0,0,0.0,0,0
bethel,41.3712,-73.414,60.89,47,0,0.0,US,1651800914
mazsalaca,57.8633,25.0547,41.56,96,91,5.03,LV,1651800915
chuy,-33.6971,-53.4616,54.68,83,54,4.68,UY,1651800915
torbay,47.6666,-52.7314,41.76,96,100,11.5,CA,1651800916
castro,-24.7911,-50.0119,55.26,92,5,2.37,BR,1651800916
kavaratti,10.5669,72.642,84.81,72,100,12.5,IN,1651800916
gizycko,54.0381,21.7644,48.81,92,100,5.48,PL,1651800897
mar del plata,-38.0023,-57.5575,59.88,75,0,11.5,AR,1651800684
ranong,9.9658,98.6348,80.53,83,92,4.56,TH,1651800917
dois corregos,-22.3661,-48.3803,54.99,93,0,5.08,BR,1651800917
luderitz,-26.6481,15.1594,59.45,78,0,9.35,NA,1651800918
karratha,-20.7377,116.8463,80.69,33,0,22.53,AU,1651800918
bolungarvik,0.0,0.0,0.0,0,0,0.0,0,0
port hardy,50.6996,-127.4199,50.0,81,100,6.91,CA,1651800919
ninghai,29.2892,121.4247,73.38,70,19,4.85,CN,1651800919
hasaki,35.7333,140.8333,75.29,71,100,12.3,JP,1651800920
lagos,6.5833,3.75,80.92,92,100,4.72,NG,1651800920
kagadi,0.9606,30.7967,61.54,97,44,3.38,UG,1651800921
khatanga,71.9667,102.5,19.53,85,44,15.5,RU,1651800921
vardo,70.3705,31.1107,35.15,96,100,14.9,NO,1651800649
punta arenas,-53.15,-70.9167,41.11,75,75,27.63,CL,1651800915
tsihombe,0.0,0.0,0.0,0,0,0.0,0,0
laguna,38.421,-121.4238,72.45,46,40,11.5,US,1651800922
inhambane,-23.865,35.3833,66.56,93,1,5.37,MZ,1651800922
dingle,10.9995,122.6711,87.87,62,98,11.18,PH,1651800923
mys shmidta,0.0,0.0,0.0,0,0,0.0,0,0
raudeberg,61.9875,5.1352,49.96,82,100,22.15,NO,1651800923
vaitupu,0.0,0.0,0.0,0,0,0.0,0,0
touros,-5.1989,-35.4608,77.0,92,100,9.24,BR,1651800924
bluff,-46.6,168.3333,59.4,75,100,5.79,NZ,1651800924
osorno,-40.5667,-73.15,53.91,94,75,4.61,CL,1651800924
taoudenni,22.6783,-3.9836,85.21,11,14,10.36,ML,1651800925
thompson,55.7435,-97.8558,41.16,75,100,4.61,CA,1651800925
gulfport,30.3674,-89.0928,80.65,83,0,11.5,US,1651800750
marcona,0.0,0.0,0.0,0,0,0.0,0,0
belushya guba,0.0,0.0,0.0,0,0,0.0,0,0
puerto escondido,15.85,-97.0667,81.19,66,6,3.87,MX,1651800867
rabo de peixe,37.8,-25.5833,66.27,73,40,12.66,PT,1651800926
dunedin,-45.8742,170.5036,66.79,55,100,1.99,NZ,1651800926
east london,-33.0153,27.9116,69.71,38,0,6.49,ZA,1651800927
port washington,40.8257,-73.6982,64.67,65,75,6.91,US,1651800927
olinda,-8.0089,-34.8553,82.13,74,40,9.22,BR,1651800928
asau,46.4333,26.4,40.28,85,12,2.01,RO,1651800928
cap-aux-meules,47.3821,-61.8597,35.65,75,20,12.66,CA,1651800928
melilla,35.2937,-2.9383,57.58,82,0,2.3,ES,1651800929
sofiysk,0.0,0.0,0.0,0,0,0.0,0,0
ramon,16.7842,121.535,86.23,61,46,4.09,PH,1651800929
bengkulu,-3.8004,102.2655,82.49,71,82,1.07,ID,1651800681
hithadhoo,-0.6,73.0833,84.38,74,100,15.43,MV,1651800930
port blair,11.6667,92.75,84.54,72,85,7.7,IN,1651800930
vanimo,-2.6741,141.3028,87.39,64,89,4.21,PG,1651800931
swindon,51.558,-1.7812,51.71,92,0,6.91,GB,1651800931
port elizabeth,-33.918,25.5701,66.31,67,0,9.22,ZA,1651800932
darjiling,27.0333,88.2667,57.43,81,41,2.89,IN,1651800734
katete,-0.7818,29.7544,59.56,92,62,3.44,UG,1651800932
horizontina,-27.6258,-54.3078,55.0,91,0,4.09,BR,1651800932
saskylakh,71.9167,114.0833,27.14,89,100,14.0,RU,1651800933
vega de alatorre,20.0333,-96.6333,80.64,87,100,9.46,MX,1651800933
boa vista,2.8197,-60.6733,78.78,83,40,5.75,BR,1651800934
seminole,28.7086,-81.2081,84.56,73,75,6.91,US,1651800934
severo-kurilsk,50.6789,156.125,37.38,81,82,5.12,RU,1651800934
maturin,9.75,-63.1767,77.36,79,100,8.32,VE,1651800709
santa fe,-31.6333,-60.7,65.01,85,0,4.0,AR,1651800714
vao,-22.6667,167.4833,75.15,76,3,20.27,NC,1651800935
dalbandin,28.8947,64.4101,80.62,14,1,4.74,PK,1651800936
richards bay,-28.783,32.0377,63.64,94,1,6.82,ZA,1651800936
airai,-8.9266,125.4092,70.27,74,58,3.31,TL,1651800868
marienburg,54.0359,19.0266,48.11,93,100,5.91,PL,1651800936
salalah,17.0151,54.0924,84.29,79,75,3.44,OM,1651800937
vicuna,-30.0319,-70.7081,65.61,53,100,0.72,CL,1651800937
cherskiy,68.75,161.3,34.43,100,100,7.34,RU,1651800938
kodiak,57.79,-152.4072,44.11,81,100,16.11,US,1651800938
chunskiy,56.0815,99.6342,48.34,36,100,12.62,RU,1651800939
sao mateus,-18.7161,-39.8589,76.96,88,5,6.96,BR,1651800672
souillac,-20.5167,57.5167,75.58,88,75,17.27,MU,1651800939
kaitangata,-46.2817,169.8464,63.18,62,100,2.26,NZ,1651800939
coahuayana,18.7333,-103.6833,73.31,87,57,2.77,MX,1651800940
cabo san lucas,22.8909,-109.9124,78.1,65,0,10.36,MX,1651800940
high level,58.5169,-117.136,59.11,41,100,2.3,CA,1651800941
grande prairie,55.1667,-118.8027,51.98,76,100,10.36,CA,1651800853
saint george,37.1041,-113.5841,84.79,11,0,10.36,US,1651800821
beringovskiy,63.05,179.3167,30.15,75,29,1.79,RU,1651800941
falealupo,0.0,0.0,0.0,0,0,0.0,0,0
roald,62.5833,6.1333,51.94,66,100,17.27,NO,1651800942
shimoda,34.6667,138.95,70.11,64,100,4.29,JP,1651800942
navrongo,10.8956,-1.0921,86.92,47,94,8.68,GH,1651800943
okato,-39.2,173.8833,67.91,74,0,5.41,NZ,1651800943
jadu,31.953,12.0261,65.98,23,0,4.5,LY,1651800943
damietta,31.4165,31.8133,62.51,73,0,12.97,EG,1651800944
sitka,57.0531,-135.33,44.49,76,100,3.44,US,1651800944
resistencia,-27.4606,-58.9839,64.38,94,20,5.75,AR,1651800653
mahibadhoo,3.7833,72.9667,83.77,71,94,11.81,MV,1651800945
nanortalik,60.1432,-45.2371,34.39,92,100,14.65,GL,1651800945
nizhneyansk,0.0,0.0,0.0,0,0,0.0,0,0
valparaiso,-33.0393,-71.6273,57.47,85,100,2.3,CL,1651800818
coffs harbour,-30.3,153.1333,71.13,83,100,10.36,AU,1651800946
tuktoyaktuk,69.4541,-133.0374,28.4,93,100,14.97,CA,1651800946
bud,39.447,-86.1758,57.22,97,100,12.95,US,1651800947
constitucion,-35.3333,-72.4167,55.02,89,0,6.8,CL,1651800709
kloulklubed,7.0419,134.2556,82.9,78,100,16.96,PW,1651800947
villanueva,15.3167,-88.0,82.04,74,40,10.36,HN,1651800948
yei,4.095,30.6779,68.23,82,63,4.27,SS,1651800948
umm lajj,25.0213,37.2685,74.46,62,0,10.69,SA,1651800948
leningradskiy,69.3833,178.4167,23.09,88,89,6.67,RU,1651800949
tasiilaq,65.6145,-37.6368,23.16,71,11,5.82,GL,1651800949
cayenne,4.9333,-52.3333,81.09,1,75,1.01,GF,1651800950
hobbs,32.7026,-103.136,77.59,11,0,5.75,US,1651800950
cidreira,-30.1811,-50.2056,63.28,68,63,5.39,BR,1651800950
arraial do cabo,-22.9661,-42.0278,74.1,81,0,22.44,BR,1651800951
kavieng,-2.5744,150.7967,84.54,76,58,13.02,PG,1651800951
taitung,22.7583,121.1444,80.87,78,75,3.44,TW,1651800952
paamiut,61.994,-49.6678,32.11,82,100,8.5,GL,1651800952
nishihara,26.1842,127.7558,76.66,89,100,4.61,JP,1651800952
norden,53.6,7.2,44.96,88,100,5.5,DE,1651800953
lakes entrance,-37.8811,147.981,60.17,44,2,9.1,AU,1651800819
mahebourg,-20.4081,57.7,75.49,88,75,17.27,MU,1651800953
nioro,13.35,-15.75,81.63,29,0,6.44,GM,1651800954
lhokseumawe,5.1801,97.1507,81.43,82,99,2.68,ID,1651800954
camana,-16.6228,-72.7111,66.38,90,59,7.05,PE,1651800955
saint-georges,12.0564,-61.7485,80.28,78,20,11.5,GD,1651800955
makakilo city,21.3469,-158.0858,80.92,62,20,19.57,US,1651800955
half moon bay,37.4636,-122.4286,69.04,71,0,20.71,US,1651800956
andreapol,56.6513,32.2664,34.65,78,63,5.12,RU,1651800956
saleaula,0.0,0.0,0.0,0,0,0.0,0,0
hamilton,39.1834,-84.5333,59.63,93,75,5.75,US,1651800957
havelock,34.8791,-76.9013,71.55,89,100,6.91,US,1651800867
gelemso,8.8167,40.5167,59.47,78,32,3.6,ET,1651800957
wanaka,-44.7,169.15,63.32,54,100,2.73,NZ,1651800958
chumikan,54.7183,135.315,35.44,91,100,7.61,RU,1651800958
kabugao,18.0217,121.1842,89.06,63,20,1.52,PH,1651800959
taolanaro,0.0,0.0,0.0,0,0,0.0,0,0
coquimbo,-29.9533,-71.3436,57.83,88,100,2.06,CL,1651800959
azimur,0.0,0.0,0.0,0,0,0.0,0,0
esperance,-33.8667,121.9,58.84,57,17,8.34,AU,1651800826
goderich,43.7501,-81.7165,53.92,62,100,4.61,CA,1651800960
amderma,0.0,0.0,0.0,0,0,0.0,0,0
guerrero negro,27.9769,-114.0611,61.38,85,15,18.59,MX,1651800960
schattdorf,46.8655,8.6547,52.32,99,100,0.67,CH,1651800961
tarudant,0.0,0.0,0.0,0,0,0.0,0,0
caravelas,-17.7125,-39.2481,79.27,82,1,10.54,BR,1651800961
westport,41.1415,-73.3579,61.9,68,0,6.91,US,1651800962
victoria,22.2855,114.1577,81.97,76,8,11.01,HK,1651800951
tumannyy,0.0,0.0,0.0,0,0,0.0,0,0
mengcheng,33.2579,116.5655,80.91,39,1,7.02,CN,1651800962
balyaga,51.1507,108.921,43.2,27,82,5.19,RU,1651800963
san pedro,14.35,121.0167,91.31,62,40,5.75,PH,1651800963
uk,0.0,0.0,0.0,0,0,0.0,0,0
komsomolskiy,40.4272,71.7189,65.12,72,100,2.3,UZ,1651800964
veraval,20.9,70.3667,81.19,73,0,10.22,IN,1651800964
alpena,45.0617,-83.4327,53.85,76,0,3.44,US,1651800964
adrar,20.5022,-10.0711,76.62,20,5,10.54,MR,1651800965
bismarck,46.8083,-100.7837,60.64,62,0,20.71,US,1651800836
amboise,47.4125,0.9827,48.74,85,0,4.61,FR,1651800965
polovinnoye,54.7914,65.9864,46.04,61,78,22.95,RU,1651800966
kurtamysh,54.9103,64.4319,42.33,59,45,25.81,RU,1651800966
avera,33.194,-82.5271,78.55,60,88,4.63,US,1651800967
vila velha,-20.3297,-40.2925,76.95,94,100,2.3,BR,1651800967
tashtagol,52.7657,87.8894,55.76,47,95,2.46,RU,1651800967
kieta,-6.2167,155.6333,84.72,74,100,7.67,PG,1651800968
maku,39.2911,44.4521,50.61,71,75,11.5,IR,1651800968
skibbereen,51.55,-9.2667,55.11,96,100,10.51,IE,1651800848
bambous virieux,-20.3428,57.7575,75.45,88,75,17.27,MU,1651800833
bairiki,1.3292,172.9752,86.0,66,40,12.66,KI,1651800969
ponta do sol,32.6667,-17.1,63.72,73,100,3.29,PT,1651800969
vestmanna,62.1564,-7.1664,47.32,100,100,9.22,FO,1651800970
altay,47.8667,88.1167,61.27,53,100,2.93,CN,1651800970
saint-augustin,51.226,-58.6502,36.45,75,43,6.31,CA,1651800971
tiksi,71.6872,128.8694,20.32,84,10,5.97,RU,1651800971
ulaangom,49.9811,92.0667,50.95,22,100,3.91,MN,1651800967
miandrivazo,-19.5167,45.4667,71.85,65,0,3.98,MG,1651800972
berlevag,70.8578,29.0864,35.4,91,100,12.06,NO,1651800972
zyryanskoye,56.8306,86.6258,51.3,43,4,4.0,RU,1651800972
la asuncion,11.0333,-63.8628,80.33,89,34,14.97,VE,1651800915
narsaq,60.9167,-46.05,34.02,96,100,12.86,GL,1651800973
nangong,37.3581,115.3744,80.64,37,55,9.28,CN,1651800973
mokolo,10.7398,13.8019,82.74,46,100,4.94,CM,1651800974
lebu,-37.6167,-73.65,51.82,85,0,3.62,CL,1651800974
poum,-20.2333,164.0167,77.58,76,2,5.39,NC,1651800975
marovoay,-16.1,46.6333,69.49,77,0,4.34,MG,1651800975
dakar,14.6937,-17.4441,72.48,81,0,18.43,SN,1651800976
miri,4.4148,114.0089,86.14,79,40,3.44,MY,1651800976
vestmannaeyjar,63.4427,-20.2734,40.39,72,52,26.89,IS,1651800976
olafsvik,64.8945,-23.7142,35.89,67,30,19.22,IS,1651800977
urucara,-2.5364,-57.76,74.08,98,16,1.28,BR,1651800977
antofagasta,-23.65,-70.4,60.08,73,100,4.54,CL,1651800978
palora,-1.7,-77.9333,64.58,99,100,1.28,EC,1651800978
tsalka,41.5946,44.0891,34.14,92,30,6.93,GE,1651800978
acapulco,16.8634,-99.8901,80.42,78,40,6.91,MX,1651800780
pio xii,-3.8325,-45.1525,73.83,97,54,2.84,BR,1651800979
ostrovnoy,68.0531,39.5131,24.87,91,64,19.64,RU,1651800979
dujuma,0.0,0.0,0.0,0,0,0.0,0,0
huilong,31.8111,121.655,72.93,85,73,11.86,CN,1651800980
gannan,47.9147,123.5031,46.42,49,100,14.38,CN,1651800980
muros,42.7762,-9.0603,55.09,76,12,9.71,ES,1651800981
dalupaon,13.5517,122.9457,85.87,68,34,1.83,PH,1651800981
lorengau,-2.0226,147.2712,84.25,76,23,6.26,PG,1651800982
nouadhibou,20.931,-17.0347,64.38,82,39,17.27,MR,1651800982
sibolga,1.7427,98.7792,77.61,93,100,0.83,ID,1651800983
boden,65.8252,21.6886,35.6,90,8,4.81,SE,1651800983
edgewater,28.9889,-80.9023,81.12,78,40,9.22,US,1651800983
samusu,0.0,0.0,0.0,0,0,0.0,0,0
the valley,18.217,-63.0578,78.82,75,18,17.69,AI,1651800984
geneva,41.8875,-88.3054,51.82,89,100,10.36,US,1651800984
college,64.8569,-147.8028,50.58,75,75,3.44,US,1651800985
san cristobal,7.7669,-72.225,77.18,90,100,2.64,VE,1651800985
boshnyakovo,49.6333,142.1667,49.23,78,100,15.79,RU,1651800985
rovnoye,50.7765,46.0509,40.75,58,86,11.88,RU,1651800986
turukhansk,65.8167,87.9833,22.51,79,99,7.18,RU,1651800986
sentyabrskiy,0.0,0.0,0.0,0,0,0.0,0,0
inta,66.0317,60.1659,22.75,84,86,7.14,RU,1651800987
auki,-8.7676,160.7034,85.68,65,100,4.25,SB,1651800987
senanga,-16.1167,23.2667,65.12,62,69,4.65,ZM,1651800988
utiroa,0.0,0.0,0.0,0,0,0.0,0,0
lingao,19.9103,109.6859,79.32,80,49,9.75,CN,1651800988
yeppoon,-23.1333,150.7333,80.38,71,26,8.1,AU,1651800989
sept-iles,50.2001,-66.3821,39.72,48,75,6.91,CA,1651800989
sorvag,0.0,0.0,0.0,0,0,0.0,0,0
bandarbeyla,9.4942,50.8122,79.83,90,43,10.36,SO,1651800990
sur,22.5667,59.5289,80.96,54,0,6.38,OM,1651800990
kaffrine,14.1059,-15.5508,80.08,28,0,12.24,SN,1651800990
cap malheureux,-19.9842,57.6142,75.47,82,68,8.99,MU,1651800991
amahai,-3.3333,128.9167,86.86,66,86,3.8,ID,1651800991
dzhusaly,0.0,0.0,0.0,0,0,0.0,0,0
san rafael del sur,11.8485,-86.4384,86.97,75,100,4.88,NI,1651800992
ketchikan,55.3422,-131.6461,48.67,66,40,6.91,US,1651800992
sinnamary,5.3833,-52.95,78.19,88,100,8.77,GF,1651800992
karaul,0.0,0.0,0.0,0,0,0.0,0,0
ancud,-41.8697,-73.8203,53.64,88,95,8.99,CL,1651800782
tecoanapa,16.5167,-98.75,80.19,67,100,5.39,MX,1651800993
iskateley,67.6803,53.1512,15.96,87,56,8.5,RU,1651800994
warqla,0.0,0.0,0.0,0,0,0.0,0,0
udesti,47.5667,26.4167,52.68,40,0,6.91,RO,1651800994
vrangel,42.7297,133.0839,51.6,82,100,4.25,RU,1651800994
rungata,0.0,0.0,0.0,0,0,0.0,0,0
srednekolymsk,67.45,153.6833,34.95,96,100,5.68,RU,1651800995
ksenyevka,0.0,0.0,0.0,0,0,0.0,0,0
lincoln,40.8,-96.667,54.12,97,100,4.61,US,1651800995
buraydah,26.326,43.975,82.85,24,0,8.23,SA,1651800996
pevek,69.7008,170.3133,29.44,89,97,5.28,RU,1651800996
provideniya,64.3833,-173.3,32.36,74,20,2.24,RU,1651800997
namatanai,-3.6667,152.4333,84.29,75,55,9.95,PG,1651800997
sault sainte marie,46.5168,-84.3333,57.49,39,0,4.61,CA,1651800760
ampanihy,-24.7,44.75,69.06,73,2,6.06,MG,1651800998
bajo baudo,0.0,0.0,0.0,0,0,0.0,0,0
nioki,-2.7167,17.6833,72.18,96,90,1.7,CD,1651800998
pierre,44.3683,-100.351,56.86,73,0,15.01,US,1651800999
upernavik,72.7868,-56.1549,2.55,94,58,4.9,GL,1651800999
balabac,7.9868,117.0645,83.61,81,100,12.06,PH,1651800836
mayumba,-3.432,10.6554,77.86,93,100,6.46,GA,1651800999
petropavlovsk-kamchatskiy,53.0452,158.6483,50.59,46,0,8.95,RU,1651801000
klimovo,52.3805,32.1923,38.25,78,27,6.11,RU,1651801000
acatic,20.7833,-102.8833,84.76,20,51,3.13,MX,1651801001
lolua,0.0,0.0,0.0,0,0,0.0,0,0
portland,45.5234,-122.6762,59.04,79,88,8.99,US,1651800983
broome,42.2506,-75.833,55.65,64,100,3.15,US,1651801001
fallon,39.4735,-118.7774,71.47,19,75,16.11,US,1651800932
superior,46.7208,-92.1041,49.17,71,0,11.5,US,1651801002
pearl,32.2746,-90.132,75.38,88,40,21.85,US,1651801002
ponta grossa,-25.095,-50.1619,53.71,92,7,2.71,BR,1651801003
tarko-sale,64.9225,77.785,20.66,84,99,5.46,RU,1651801003
podosinovets,60.2776,47.0659,30.25,76,30,4.92,RU,1651801004
russell,32.3502,-85.1999,82.0,77,0,0.0,US,1651800825
ergani,38.2653,39.7621,47.55,88,100,6.2,TR,1651801004
grindavik,63.8424,-22.4338,37.35,87,75,14.97,IS,1651801004
benjamin aceval,-24.9667,-57.5667,60.94,79,93,2.08,PY,1651801005
tautira,-17.7333,-149.15,81.14,79,24,12.1,PF,1651801005
hualmay,-11.0964,-77.6139,64.42,89,26,9.69,PE,1651801006
kahului,20.8947,-156.47,82.42,71,40,23.02,US,1651800969
omsukchan,62.5333,155.8,31.35,95,100,10.56,RU,1651801006
tete,-16.1564,33.5867,64.45,92,2,1.95,MZ,1651801007
husavik,66.0449,-17.3389,32.11,96,100,24.61,IS,1651801007
chara,56.9064,118.2631,33.21,56,100,5.88,RU,1651801008
xiaoshi,41.2971,124.1209,53.8,80,100,4.27,CN,1651801008
jackson,42.4165,-122.8345,58.87,84,100,10.36,US,1651801008
jiazi,22.8779,116.067,77.0,69,69,10.18,CN,1651801009
sao filipe,14.8961,-24.4956,71.76,82,17,5.5,CV,1651801009
kebemer,0.0,0.0,0.0,0,0,0.0,0,0
puerto leguizamo,-0.1934,-74.7819,70.03,100,99,2.57,CO,1651801010
isangel,-19.55,169.2667,80.67,70,9,12.88,VU,1651801010
qui nhon,13.7667,109.2333,81.21,79,99,6.62,VN,1651800764
portree,57.4129,-6.1942,50.52,98,100,13.67,GB,1651801011
limache,-33.0167,-71.2667,56.14,86,0,1.23,CL,1651801011
anadyr,64.75,177.4833,34.3,74,0,8.95,RU,1651801012
angoram,-4.0625,144.0661,92.53,54,59,1.95,PG,1651801012
baykit,61.67,96.37,45.21,67,89,3.89,RU,1651801012
sao jose da coroa grande,-8.8978,-35.1478,78.22,82,100,9.08,BR,1651801013
port-gentil,-0.7193,8.7815,79.77,86,100,7.38,GA,1651801013
quelimane,-17.8786,36.8883,69.75,94,0,2.3,MZ,1651801014
san vicente,-26.6167,-54.1333,51.58,99,2,3.09,AR,1651801014
hearst,49.6835,-83.6665,41.47,81,100,5.97,CA,1651800946
roma,43.2128,-75.4557,53.74,69,0,4.61,US,1651801015
san antonio,29.4241,-98.4936,84.16,63,0,11.5,US,1651800536
analipsis,35.3167,25.5667,59.41,66,0,8.1,GR,1651801015
shediac,46.2198,-64.5411,41.09,75,40,3.44,CA,1651801015
grand gaube,-20.0064,57.6608,75.6,82,71,8.99,MU,1651801016
mapiripan,2.8892,-72.1256,72.73,93,100,3.44,CO,1651801016
arlit,18.7369,7.3853,89.17,13,10,6.93,NE,1651800817
lavrentiya,65.5833,-171.0,26.71,74,15,0.65,RU,1651801017
linhai,28.85,121.1167,80.92,44,1,2.15,CN,1651801017
tukrah,32.5341,20.5791,64.9,43,44,8.63,LY,1651801018
rosiesti,46.4333,27.8833,44.46,64,7,2.89,RO,1651801018
yerofey pavlovich,53.9667,121.9667,43.16,25,46,11.52,RU,1651801018
sao gabriel,-30.3364,-54.32,55.71,85,16,2.68,BR,1651801019
morehead,37.2711,-87.1764,66.94,91,100,3.44,US,1651800840
halifax,44.6453,-63.5724,43.34,90,20,2.3,CA,1651800719
hambantota,6.1241,81.1185,79.14,100,20,6.91,LK,1651801019
saryshagan,0.0,0.0,0.0,0,0,0.0,0,0
solnechnyy,50.7214,136.6319,37.36,96,100,3.02,RU,1651801024
yulara,-25.2406,130.9889,58.84,38,100,14.97,AU,1651801010
north bend,43.4065,-124.2243,57.92,97,100,18.41,US,1651801024
muscatine,41.4667,-91.1335,55.58,81,100,9.22,US,1651801025
mount isa,-20.7333,139.5,69.57,37,8,12.66,AU,1651801025
longyearbyen,78.2186,15.6401,22.84,86,75,0.0,SJ,1651801025
tomari,47.7658,142.0683,53.74,72,88,26.51,RU,1651801026
artyk,0.0,0.0,0.0,0,0,0.0,0,0
bandiagara,14.3501,-3.6104,90.12,13,91,8.32,ML,1651801026
yangjiang,21.85,111.9667,79.52,70,1,4.65,CN,1651801027
mogadishu,2.0371,45.3438,80.92,81,84,13.82,SO,1651801027
high prairie,55.4334,-116.4858,55.04,77,100,3.85,CA,1651801028
lucea,18.451,-78.1736,78.66,78,27,7.2,JM,1651801028
khudumelapye,-23.8833,24.75,59.59,48,1,3.96,BW,1651801029
okha,53.5739,142.9478,32.83,97,100,6.93,RU,1651800918
port hawkesbury,45.6169,-61.3485,36.79,89,0,5.75,CA,1651801029
aklavik,68.2191,-135.0107,28.92,86,100,13.0,CA,1651801030
lundazi,-12.2929,33.1782,57.43,92,1,5.61,ZM,1651801030
terrace,54.5163,-128.6035,53.51,46,75,2.3,CA,1651800886
tura,25.5198,90.2201,79.23,65,57,2.93,IN,1651800973
qaqortoq,60.7167,-46.0333,34.14,94,100,15.21,GL,1651801031
ulladulla,-35.35,150.4667,61.7,38,0,9.73,AU,1651801031
port hedland,-20.3167,118.5667,78.85,34,0,19.57,AU,1651801031
yanam,16.7333,82.2167,85.86,74,44,2.24,IN,1651801032
sinjar,36.3209,41.8754,59.04,54,12,2.15,IQ,1651801032
meulaboh,4.1363,96.1285,76.96,95,100,11.03,ID,1651801033
kaniama,-7.5667,24.1833,64.36,86,89,3.98,CD,1651801033
nador,35.174,-2.9287,57.45,82,0,2.3,MA,1651800892
hailar,49.2,119.7,45.54,17,0,20.51,CN,1651801034
saint-philippe,-21.3585,55.7679,76.59,86,55,16.06,RE,1651800842
lata,40.1629,-8.3327,56.07,83,0,2.64,PT,1651801034
urumqi,43.801,87.6005,59.95,77,75,11.18,CN,1651801035
fairbanks,64.8378,-147.7164,50.59,74,100,3.44,US,1651800914
quibdo,5.6947,-76.6611,73.47,99,100,4.27,CO,1651801035
bayan,46.0833,127.4,50.31,59,97,16.4,CN,1651801036
yopal,5.3378,-72.3959,71.49,94,100,1.86,CO,1651801036
tiarei,-17.5333,-149.3333,77.02,79,25,12.19,PF,1651801036
kyra,49.5776,111.9753,41.16,25,0,8.88,RU,1651801037
asfi,32.2994,-9.2372,63.45,76,0,15.46,MA,1651801037
dongsheng,39.8161,109.9776,52.11,28,100,24.07,CN,1651801038
palabuhanratu,0.0,0.0,0.0,0,0,0.0,0,0
stettler,52.3168,-112.7186,69.55,37,100,17.27,CA,1651800832
sokoto,13.0609,5.239,86.27,44,100,9.91,NG,1651801038
porto novo,6.4965,2.6036,79.63,84,95,4.79,BJ,1651801039
maltahohe,-24.8333,16.9833,54.73,42,0,1.52,NA,1651801039
geraldton,-28.7667,114.6,66.61,34,0,23.02,AU,1651801040
road town,18.4167,-64.6167,78.89,73,20,8.05,VG,1651801040
pacific grove,36.6177,-121.9166,66.54,71,0,9.22,US,1651801041
epe,6.5841,3.9834,77.43,93,100,4.74,NG,1651801041
hami,42.8,93.45,80.24,21,100,5.59,CN,1651800947
walvis bay,-22.9575,14.5053,58.08,94,0,4.61,NA,1651800872
carnarvon,-24.8667,113.6333,75.27,31,0,13.8,AU,1651801042
mareeba,-17.0,145.4333,82.44,70,93,6.15,AU,1651801042
markova,48.6758,24.4138,45.79,85,9,3.74,UA,1651801042
chakwal,32.9334,72.8585,82.42,29,0,4.03,PK,1651801043
binzhou,37.3667,118.0167,79.38,37,72,16.49,CN,1651801043
bathurst,-33.4166,149.5806,53.22,45,0,8.48,AU,1651800768
roebourne,-20.7833,117.1333,80.04,33,0,22.46,AU,1651801044
khao yoi,13.2403,99.8243,85.95,61,100,2.82,TH,1651801044
katsuura,35.1333,140.3,67.08,71,100,7.92,JP,1651801045
grand river south east,0.0,0.0,0.0,0,0,0.0,0,0
shenxian,36.2411,115.6672,83.19,34,67,9.51,CN,1651801045
lompoc,34.6391,-120.4579,66.34,75,0,20.0,US,1651800781
tazovskiy,67.4667,78.7,12.25,84,7,9.19,RU,1651801046
hofn,64.2539,-15.2082,40.23,51,0,16.31,IS,1651801046
palana,59.1167,159.9667,28.87,85,100,18.72,RU,1651801047
illapel,-31.6308,-71.1653,62.98,71,76,2.13,CL,1651801047
bilibino,68.0546,166.4372,33.44,95,100,2.28,RU,1651801047
ust-nera,64.5667,143.2,32.68,89,99,7.96,RU,1651801048
kemijarvi,66.7131,27.4306,30.02,99,58,5.57,FI,1651801048
loa janan,-0.583,117.095,89.38,59,9,0.96,ID,1651801049
uglegorsk,49.0833,142.0333,48.2,81,95,16.46,RU,1651801049
aqtobe,50.2797,57.2072,35.69,69,0,13.42,KZ,1651801049
moerai,-22.4333,-151.3333,78.84,82,78,7.49,PF,1651801050
bokspits,0.0,0.0,0.0,0,0,0.0,0,0
batemans bay,-35.7167,150.1833,60.1,37,0,8.93,AU,1651801050
beira,-19.8436,34.8389,68.09,100,20,5.75,MZ,1651801051
klyuchi,52.2667,79.1667,58.77,29,47,8.52,RU,1651801051
kaka,37.3482,59.6143,72.45,53,22,4.47,TM,1651801052
znamenskoye,57.1281,73.8282,54.95,68,86,11.27,RU,1651801052
iwanai,42.9744,140.5089,70.77,33,50,8.52,JP,1651801052
saiki,32.95,131.9,67.5,81,100,9.35,JP,1651801053
port said,31.2565,32.2841,65.28,70,0,18.05,EG,1651801053
ahipara,-35.1667,173.1667,69.46,55,6,4.88,NZ,1651801054
sorland,67.667,12.6934,40.17,89,100,23.67,NO,1651801054
ugoofaaru,5.6667,73.0,84.47,72,100,9.04,MV,1651801055
waingapu,-9.6567,120.2641,85.78,67,34,11.5,ID,1651801055
tlalpujahua,0.0,0.0,0.0,0,0,0.0,0,0
saint anthony,45.0205,-93.218,62.38,46,0,4.61,US,1651801058
pangnirtung,66.1451,-65.7125,9.79,91,31,5.46,CA,1651801058
alotau,0.0,0.0,0.0,0,0,0.0,0,0
rozivka,46.9385,35.7724,51.46,44,100,14.36,UA,1651801059
kirkwall,58.9848,-2.9587,51.96,87,40,11.5,GB,1651801059
ambon,-3.6954,128.1814,86.14,74,20,4.61,ID,1651801060
malabo,3.75,8.7833,77.18,89,100,19.75,GQ,1651800823
kulykiv,50.3142,24.8176,44.28,71,61,6.89,UA,1651801060
neuquen,-38.9516,-68.0591,48.09,76,0,0.0,AR,1651801061
lulea,65.5842,22.1547,35.67,80,12,6.91,SE,1651801061
sun valley,39.5963,-119.776,65.57,27,75,28.77,US,1651801062
armacao dos buzios,0.0,0.0,0.0,0,0,0.0,0,0
kysyl-syr,63.8986,122.7617,35.85,73,37,2.8,RU,1651801062
louisbourg,0.0,0.0,0.0,0,0,0.0,0,0
gyanpur,25.35,82.4667,78.75,34,0,9.42,IN,1651801063
fare,-16.7,-151.0167,81.57,74,98,9.46,PF,1651801063
kalabo,-14.97,22.6814,60.1,77,8,4.09,ZM,1651800859
namibe,-15.1961,12.1522,77.92,50,0,0.98,AO,1651801064
zyryanka,65.75,150.85,33.42,100,100,7.99,RU,1651801064
bumba,2.1833,22.4667,69.24,97,98,3.06,CD,1651801065
ust-maya,60.4167,134.5333,40.98,64,89,7.09,RU,1651801065
copiapo,-27.3667,-70.3333,53.29,65,100,1.61,CL,1651801065
joetsu,37.1483,138.2364,67.84,61,90,3.78,JP,1651801066
aginskoye,51.1,114.53,43.45,20,2,17.27,RU,1651801066
nizhniy tsasuchey,50.5167,115.1333,44.6,19,48,17.0,RU,1651801067
alice springs,-23.7,133.8833,56.75,41,58,17.27,AU,1651801067
farmington,36.7281,-108.2187,72.28,15,0,13.8,US,1651801067
mrirt,0.0,0.0,0.0,0,0,0.0,0,0
seara,41.1818,-7.8003,61.16,69,1,1.21,PT,1651801068
batagay,67.6333,134.6333,29.79,79,100,5.44,RU,1651801068
mugan,35.9404,101.3842,67.59,20,99,1.57,CN,1651801069
olivehurst,39.0955,-121.5522,74.05,38,40,10.36,US,1651801069
qandala,11.472,49.8728,85.08,56,13,0.51,SO,1651801070
kirakira,-10.4544,161.9205,84.33,77,32,6.38,SB,1651801070
libreville,0.3925,9.4537,77.02,94,20,0.0,GA,1651801070
shu,43.5983,73.7614,63.37,58,48,2.62,KZ,1651801071
grajau,-5.8194,-46.1386,73.06,94,9,0.49,BR,1651801071
hyderabad,17.3753,78.4744,81.91,65,40,8.05,IN,1651801072
celestun,20.8667,-90.4,83.07,72,28,14.54,MX,1651801072
ryotsu,38.0833,138.4333,66.92,57,0,3.91,JP,1651801048
saint-joseph,-21.3667,55.6167,75.58,82,33,16.02,RE,1651801073
mao,39.8885,4.2658,61.36,63,0,16.11,ES,1651801073
port shepstone,-30.7414,30.455,66.06,54,0,6.96,ZA,1651801073
bendigo,-36.7667,144.2833,57.85,52,4,5.99,AU,1651801074
whitianga,-36.8333,175.7,65.79,65,11,3.11,NZ,1651801074
nhulunbuy,-12.2333,136.7667,86.61,62,40,18.41,AU,1651801075
henties bay,-22.116,14.2845,63.07,73,0,7.07,NA,1651801075
wamba,8.9333,8.6,73.63,92,100,4.29,NG,1651800940
luanda,-8.8368,13.2343,78.8,89,75,3.44,AO,1651801076
cape canaveral,28.4058,-80.6048,81.07,79,0,10.36,US,1651800555
la ronge,55.1001,-105.2842,43.05,70,100,10.36,CA,1651801076
jabiru,0.0,0.0,0.0,0,0,0.0,0,0
general roca,-39.0333,-67.5833,58.62,45,0,5.48,AR,1651801077
mackenzie,55.2999,-123.1698,52.02,43,75,3.44,CA,1651801077
ossora,59.2353,163.0719,32.0,93,100,4.61,RU,1651801077
abha,18.2164,42.5053,64.65,39,20,4.61,SA,1651801078
camacha,33.0833,-16.3333,60.22,77,40,8.05,PT,1651801078
payson,40.0444,-111.7321,72.88,21,75,9.22,US,1651801079
lixourion,38.2019,20.4314,60.31,74,33,8.32,GR,1651801079
inderborskiy,0.0,0.0,0.0,0,0,0.0,0,0
bahia honda,22.9036,-83.1592,77.18,78,20,6.17,CU,1651801080
monroe,43.1501,-77.6831,53.44,63,100,4.79,US,1651800463
boa viagem,-5.1275,-39.7322,70.99,94,87,2.39,BR,1651801081
rio gallegos,-51.6226,-69.2181,46.45,66,40,25.32,AR,1651801081
bonavista,48.6499,-53.1147,39.36,98,100,9.04,CA,1651801081
marv dasht,0.0,0.0,0.0,0,0,0.0,0,0
jieshi,22.8134,115.8257,80.94,72,55,9.44,CN,1651801082
clyde river,70.4692,-68.5914,14.23,79,0,3.44,CA,1651800888
ouadda,8.0777,22.4007,69.13,90,99,2.93,CF,1651801082
mangan,27.5167,88.5333,72.82,85,91,3.09,IN,1651801083
sibay,52.7181,58.6658,37.08,65,60,17.45,RU,1651801083
leon,21.1167,-101.6667,86.05,21,50,6.85,MX,1651801066
winnemucca,40.973,-117.7357,69.85,19,0,14.97,US,1651801084
bam,29.106,58.357,80.22,16,0,9.06,IR,1651801084
emborion,40.4833,21.55,48.56,80,20,1.16,GR,1651801085
chesma,53.8111,60.6533,38.44,60,13,18.45,RU,1651801085
baijiantan,45.6333,85.1833,72.14,46,100,9.95,CN,1651801085
skelleftea,64.7507,20.9528,39.99,56,17,6.91,SE,1651801086
aksu,41.1231,80.2644,76.35,25,76,6.02,CN,1651801086
trelew,-43.249,-65.3051,59.56,53,63,10.98,AR,1651801087
kalianget,-7.05,113.9333,83.53,76,5,8.3,ID,1651801087
axim,4.8699,-2.2405,80.1,84,100,3.62,GH,1651801087
orsha,54.5153,30.4053,36.52,77,18,7.27,BY,1651801088
carepa,7.7585,-76.6525,74.16,99,100,7.92,CO,1651801088
pangody,65.85,74.4859,16.81,89,94,5.41,RU,1651801089
ucluelet,48.9329,-125.5528,48.51,90,100,5.01,CA,1651800985
marystown,47.1666,-55.1483,41.86,100,100,3.06,CA,1651801089
angra,0.0,0.0,0.0,0,0,0.0,0,0
san julian,21.0167,-102.1667,76.62,20,70,8.25,MX,1651801090
el alto,-4.2714,-81.2147,66.97,79,100,11.03,PE,1651801090
vytegra,61.0064,36.4481,36.39,80,100,6.73,RU,1651801091
den helder,52.9599,4.7593,48.97,99,100,5.99,NL,1651801091
gilazi,0.0,0.0,0.0,0,0,0.0,0,0
sioux falls,43.55,-96.7003,57.06,75,100,4.61,US,1651801092
tir pol,0.0,0.0,0.0,0,0,0.0,0,0
concarneau,47.875,-3.9225,49.82,85,10,5.26,FR,1651801092
anaimalai,10.5833,76.9333,78.89,82,100,4.76,IN,1651801093
saint-paul,-21.0096,55.2707,77.11,79,15,3.22,RE,1651801093
olga,43.7444,135.2892,57.63,62,100,11.43,RU,1651801093
monte carmelo,-18.7247,-47.4986,59.65,84,0,5.08,BR,1651801094
lidkoping,58.5052,13.1577,40.41,90,11,10.85,SE,1651801094
rawannawi,0.0,0.0,0.0,0,0,0.0,0,0
